{"schemaVersion":"1.0","appDefinitionTemplate":{"id":"/providers/Microsoft.PowerApps/apps/","type":"Microsoft.PowerApps/apps","tags":{"primaryDeviceWidth":"1535","primaryDeviceHeight":"585","supportsPortrait":"true","supportsLandscape":"true","primaryFormFactor":"Tablet","publisherVersion":"3.22052.16","minimumRequiredApiVersion":"2.2.0","hasComponent":"true","hasUnlockedComponent":"true","isUnifiedRootApp":"false","sienaVersion":"20220520T021241Z-3.22052.19.0"},"properties":{"appVersion":"2022-05-20T02:12:41Z","lifeCycleId":"Published","createdByClientVersion":{"major":3,"minor":22052,"build":16,"revision":0,"majorRevision":0,"minorRevision":0},"minClientVersion":{"major":3,"minor":22052,"build":16,"revision":0,"majorRevision":0,"minorRevision":0},"backgroundColor":"RGBA(0,176,240,1)","backgroundImageUri":"/11059571000105950174/Nf0addab3-5574-47c2-8ba6-643dcd5a7349-logoSmallFile","displayName":"GoogleBooks","description":"","commitMessage":"","appUris":{"documentUri":{"value":"/11059571000105950174/N38c0c8c2-a13e-4917-bc62-8d6a8d973f8e-document.msapp"},"imageUris":[]},"createdTime":"0001-01-01T00:00:00Z","lastModifiedTime":"0001-01-01T00:00:00Z","sharedGroupsCount":0,"sharedUsersCount":0,"icons":{"smallIconUri":"/11059571000105950174/N0c5e29ee-bc54-445a-8cba-1b5a12dbdfde-small.png","mediumIconUri":"/11059571000105950174/Nce4377a5-d4e7-4d15-b64d-3f8c14d92fb2-medium.png","largeIconUri":"/11059571000105950174/N086c7abd-8d36-40f5-8dfe-aef1f5a86822-large.png","wideIconUri":"/11059571000105950174/N31bfe8d0-518e-4e6d-8be0-275655d47435-wide.png"},"connectionReferences":{"465c9adc-ded4-4285-83c0-ca124af071b5":{"id":"3799f462-c751-4e04-b4f1-aecaee2b5ff8","displayName":"Google Books","iconUri":"https://az787822.vo.msecnd.net/defaulticons/api-dedicated.png","dataSources":["GoogleBooks"],"dependencies":[],"dependents":[],"parameterHints":{},"parameterHintsV2":{},"isOnPremiseConnection":false,"bypassConsent":false,"dataSets":{},"apiTier":"Standard","isCustomApiConnection":true,"actions":["GetBooks"]}},"authorizationReferences":[{"resourceId":"powerbi"}],"databaseReferences":{},"almMode":"Environment","performanceOptimizationEnabled":true,"canConsumeAppPass":true,"executionRestrictions":{"isTeamsOnly":false,"dataLossPreventionEvaluationResult":{"status":"Compliant","lastEvaluationDate":"2022-05-19T19:20:07.3254681Z","violations":[],"violationsByPolicy":[],"violationErrorMessage":"The app uses the following connectors: shared_google-20books-5fc5f9eb0acb57a1b1-5f1ba010b63f517c22."}}},"appType":"ClassicCanvasApp","appComponents":[]}}